Type,text,text,obo id,doi,text,obo id,integer,integer,integer,obo id,float,float,boolean
Unit,,,,,,,pixel,pixel,pixel,,square micrometer,square micrometer,
Feature class,mask,mask,mask,mask,mask,ontology,spatial,spatial,spatial,ontology,morphology,morphology,morphology
Description,The name of the OME TIFF file that contains the mask.,The name of the mask. THIS MUST MATCH A CHANNEL IN THE OME TIFF FILE.,The ontological ID defining the mask. This ID must be from an OBO Foundry ontology. https://obofoundry.org.,The protocol used to define the mask.,This is the tool used to annotate the objects.,"The ontological ID for the specific object identified in the mask. In some cases the Mask ID and Object type are the same, for example, if the mask is identifying all cells and each object is an unidentified cell. In this case both the mask ID and object type would be ""CL:0000000"".","The X value of the object's centroid. The top left corner of the image is assumed to have a pixel value of 0. The OME TIFF file XML header must contain the minimum specification as defined below. Specifically, the physical pixel size is necessary to convert pixel coordinates to spatial coordinates. https://docs.google.com/spreadsheets/d/1YnmdTAA0Z9MKN3OjR3Sca8pz-LNQll91wdQoRPSP6Q4/edit#gid=0","The Y value of the object's centroid. The top left corner of the image is assumed to have a pixel value of 0. The OME TIFF file XML header must contain the minimum specification as defined below. Specifically, the physical pixel size is necessary to convert pixel coordinates to spatial coordinates. https://docs.google.com/spreadsheets/d/1YnmdTAA0Z9MKN3OjR3Sca8pz-LNQll91wdQoRPSP6Q4/edit#gid=0","The Z value of the object's centroid. The bottom of the 3D object is assumed to have a pixel value of 0. The OME TIFF file XML header must contain the minimum specification as defined below. Specifically, the physical pixel size is necessary to convert pixel coordinates to spatial coordinates. https://docs.google.com/spreadsheets/d/1YnmdTAA0Z9MKN3OjR3Sca8pz-LNQll91wdQoRPSP6Q4/edit#gid=0",The object is located in an anatomical structure with this ontology identifier.,This column contains the area value of the object.,This column contains the radius value of the object.,This column denotes whether the glomerulus is globally sclerotic or not
Protocol used to derive this feature value (DOI),,,,,,10.1016/j.cell.2021.04.048,10.1038/s41587-021-01044-w,10.1038/s41587-021-01044-w,10.1038/s41587-021-01044-w,dx.doi.org/10.17504/protocols.io.dm6gp35p8vzp/v1,dx.doi.org/10.17504/protocols.io.dm6gp35p8vzp/v1,dx.doi.org/10.17504/protocols.io.dm6gp35p8vzp/v1,dx.doi.org/10.17504/protocols.io.dm6gp35p8vzp/v1
Alternative ID,,,,,,,,,,,,,
Requirement level,REQUIRED,REQUIRED,REQUIRED,REQUIRED,REQUIRED,OPTIONAL,REQUIRED,REQUIRED,REQUIRED,OPTIONAL,REQUIRED,REQUIRED,OPTIONAL
Permissible values,,,,,Azimuth | STELLAR | FUSION | In-house | Manual | Not applicable,,,,,,,,
,,,,,,,,,,,,,
Object ID,Source file,Mask name,Mask ID,Protocol for mask creation (DOI),Annotation tool,Object type,X,Y,Z,Anatomical structure,Area,Radius,Global sclerosis
355,91706.segmentations.ome.tiff,glomeruli,UBERON:0000074,dx.doi.org/10.17504/protocols.io.dm6gp35p8vzp/v1,FUSION,UBERON:0000074,30473,67002,0,UBERON:0000074,2401.875,13.90143877,FALSE
353,91706.segmentations.ome.tiff,glomeruli,UBERON:0000074,dx.doi.org/10.17504/protocols.io.dm6gp35p8vzp/v1,FUSION,UBERON:0000074,49530,61087,0,UBERON:0000074,16648.25,68.38539683,FALSE
352,91706.segmentations.ome.tiff,glomeruli,UBERON:0000074,dx.doi.org/10.17504/protocols.io.dm6gp35p8vzp/v1,FUSION,UBERON:0000074,50039,60843,0,UBERON:0000074,13651.8125,54.25,FALSE
351,91706.segmentations.ome.tiff,glomeruli,UBERON:0000074,dx.doi.org/10.17504/protocols.io.dm6gp35p8vzp/v1,FUSION,UBERON:0000074,55018,61111,0,UBERON:0000074,115155.25,109.5901455423790,FALSE
350,91706.segmentations.ome.tiff,glomeruli,UBERON:0000074,dx.doi.org/10.17504/protocols.io.dm6gp35p8vzp/v1,FUSION,UBERON:0000074,47225,60486,0,UBERON:0000074,11399.6875,47.91789853,FALSE
349,91706.segmentations.ome.tiff,glomeruli,UBERON:0000074,dx.doi.org/10.17504/protocols.io.dm6gp35p8vzp/v1,FUSION,UBERON:0000074,42509,60365,0,UBERON:0000074,19261.4375,70.79901129,FALSE
347,91706.segmentations.ome.tiff,glomeruli,UBERON:0000074,dx.doi.org/10.17504/protocols.io.dm6gp35p8vzp/v1,FUSION,UBERON:0000074,55900,59680,0,UBERON:0000074,11413.65625,68.71908396,FALSE
346,91706.segmentations.ome.tiff,glomeruli,UBERON:0000074,dx.doi.org/10.17504/protocols.io.dm6gp35p8vzp/v1,FUSION,UBERON:0000074,48417,59720,0,UBERON:0000074,11123.1875,51.13829289,FALSE
345,91706.segmentations.ome.tiff,glomeruli,UBERON:0000074,dx.doi.org/10.17504/protocols.io.dm6gp35p8vzp/v1,FUSION,UBERON:0000074,40128,59784,0,UBERON:0000074,28200.125,64.56004957,FALSE
344,91706.segmentations.ome.tiff,glomeruli,UBERON:0000074,dx.doi.org/10.17504/protocols.io.dm6gp35p8vzp/v1,FUSION,UBERON:0000074,35008,59532,0,UBERON:0000074,16004.125,65.27059062,FALSE
343,91706.segmentations.ome.tiff,glomeruli,UBERON:0000074,dx.doi.org/10.17504/protocols.io.dm6gp35p8vzp/v1,FUSION,UBERON:0000074,52303,59465,0,UBERON:0000074,18577.125,68.00735254,FALSE
342,91706.segmentations.ome.tiff,glomeruli,UBERON:0000074,dx.doi.org/10.17504/protocols.io.dm6gp35p8vzp/v1,FUSION,UBERON:0000074,42721,59291,0,UBERON:0000074,5582.71875,39.24442636,FALSE
341,91706.segmentations.ome.tiff,glomeruli,UBERON:0000074,dx.doi.org/10.17504/protocols.io.dm6gp35p8vzp/v1,FUSION,UBERON:0000074,47392,59210,0,UBERON:0000074,8674.625,46.46033254,FALSE
340,91706.segmentations.ome.tiff,glomeruli,UBERON:0000074,dx.doi.org/10.17504/protocols.io.dm6gp35p8vzp/v1,FUSION,UBERON:0000074,53345,59169,0,UBERON:0000074,14539.65625,55.21435502,FALSE
339,91706.segmentations.ome.tiff,glomeruli,UBERON:0000074,dx.doi.org/10.17504/protocols.io.dm6gp35p8vzp/v1,FUSION,UBERON:0000074,33685,59018,0,UBERON:0000074,14534.75,63.96923088,FALSE
338,91706.segmentations.ome.tiff,glomeruli,UBERON:0000074,dx.doi.org/10.17504/protocols.io.dm6gp35p8vzp/v1,FUSION,UBERON:0000074,50300,58686,0,UBERON:0000074,13022.78125,38.24428062,FALSE
337,91706.segmentations.ome.tiff,glomeruli,UBERON:0000074,dx.doi.org/10.17504/protocols.io.dm6gp35p8vzp/v1,FUSION,UBERON:0000074,53736,58414,0,UBERON:0000074,18127.40625,61.74595128,FALSE
335,91706.segmentations.ome.tiff,glomeruli,UBERON:0000074,dx.doi.org/10.17504/protocols.io.dm6gp35p8vzp/v1,FUSION,UBERON:0000074,31761,58231,0,UBERON:0000074,17997.71875,67.89790129,FALSE
336,91706.segmentations.ome.tiff,glomeruli,UBERON:0000074,dx.doi.org/10.17504/protocols.io.dm6gp35p8vzp/v1,FUSION,UBERON:0000074,46251,58215,0,UBERON:0000074,19838.5625,70.51817142,FALSE
334,91706.segmentations.ome.tiff,glomeruli,UBERON:0000074,dx.doi.org/10.17504/protocols.io.dm6gp35p8vzp/v1,FUSION,UBERON:0000074,42750,58160,0,UBERON:0000074,9475.53125,46.76670824,FALSE
333,91706.segmentations.ome.tiff,glomeruli,UBERON:0000074,dx.doi.org/10.17504/protocols.io.dm6gp35p8vzp/v1,FUSION,UBERON:0000074,41202,57962,0,UBERON:0000074,12217.9375,48.49806697,FALSE
332,91706.segmentations.ome.tiff,glomeruli,UBERON:0000074,dx.doi.org/10.17504/protocols.io.dm6gp35p8vzp/v1,FUSION,UBERON:0000074,52126,58014,0,UBERON:0000074,19529.875,65.63773686,FALSE
331,91706.segmentations.ome.tiff,glomeruli,UBERON:0000074,dx.doi.org/10.17504/protocols.io.dm6gp35p8vzp/v1,FUSION,UBERON:0000074,39356,57878,0,UBERON:0000074,15104.375,52.94159518,FALSE
330,91706.segmentations.ome.tiff,glomeruli,UBERON:0000074,dx.doi.org/10.17504/protocols.io.dm6gp35p8vzp/v1,FUSION,UBERON:0000074,33491,57778,0,UBERON:0000074,16042.75,57.82786958,FALSE
329,91706.segmentations.ome.tiff,glomeruli,UBERON:0000074,dx.doi.org/10.17504/protocols.io.dm6gp35p8vzp/v1,FUSION,UBERON:0000074,47175,57546,0,UBERON:0000074,13698.0625,58.18612378,FALSE
328,91706.segmentations.ome.tiff,glomeruli,UBERON:0000074,dx.doi.org/10.17504/protocols.io.dm6gp35p8vzp/v1,FUSION,UBERON:0000074,31227,57495,0,UBERON:0000074,17980.84375,63.2475296,FALSE
327,91706.segmentations.ome.tiff,glomeruli,UBERON:0000074,dx.doi.org/10.17504/protocols.io.dm6gp35p8vzp/v1,FUSION,UBERON:0000074,25404,57205,0,UBERON:0000074,9657.59375,48.11574586,FALSE
326,91706.segmentations.ome.tiff,glomeruli,UBERON:0000074,dx.doi.org/10.17504/protocols.io.dm6gp35p8vzp/v1,FUSION,UBERON:0000074,39298,57135,0,UBERON:0000074,14353.6875,53.21242806,FALSE
325,91706.segmentations.ome.tiff,glomeruli,UBERON:0000074,dx.doi.org/10.17504/protocols.io.dm6gp35p8vzp/v1,FUSION,UBERON:0000074,37167,57091,0,UBERON:0000074,18995.15625,64.62439555,FALSE
324,91706.segmentations.ome.tiff,glomeruli,UBERON:0000074,dx.doi.org/10.17504/protocols.io.dm6gp35p8vzp/v1,FUSION,UBERON:0000074,55515,57171,0,UBERON:0000074,21411.8125,66.55120209,FALSE
323,91706.segmentations.ome.tiff,glomeruli,UBERON:0000074,dx.doi.org/10.17504/protocols.io.dm6gp35p8vzp/v1,FUSION,UBERON:0000074,36417,56980,0,UBERON:0000074,11403.0625,51.82301612,FALSE
322,91706.segmentations.ome.tiff,glomeruli,UBERON:0000074,dx.doi.org/10.17504/protocols.io.dm6gp35p8vzp/v1,FUSION,UBERON:0000074,24395,56954,0,UBERON:0000074,14859.3125,54.35588745,FALSE
321,91706.segmentations.ome.tiff,glomeruli,UBERON:0000074,dx.doi.org/10.17504/protocols.io.dm6gp35p8vzp/v1,FUSION,UBERON:0000074,56321,56913,0,UBERON:0000074,9250.65625,37.45831016,FALSE
320,91706.segmentations.ome.tiff,glomeruli,UBERON:0000074,dx.doi.org/10.17504/protocols.io.dm6gp35p8vzp/v1,FUSION,UBERON:0000074,52796,56975,0,UBERON:0000074,21606.71875,74.52013151,FALSE
319,91706.segmentations.ome.tiff,glomeruli,UBERON:0000074,dx.doi.org/10.17504/protocols.io.dm6gp35p8vzp/v1,FUSION,UBERON:0000074,30743,56871,0,UBERON:0000074,6560.71875,39.36765805,FALSE
317,91706.segmentations.ome.tiff,glomeruli,UBERON:0000074,dx.doi.org/10.17504/protocols.io.dm6gp35p8vzp/v1,FUSION,UBERON:0000074,34330,56914,0,UBERON:0000074,17639.9375,64.36856764,FALSE
316,91706.segmentations.ome.tiff,glomeruli,UBERON:0000074,dx.doi.org/10.17504/protocols.io.dm6gp35p8vzp/v1,FUSION,UBERON:0000074,29947,56808,0,UBERON:0000074,23809.59375,78.98615385,FALSE
315,91706.segmentations.ome.tiff,glomeruli,UBERON:0000074,dx.doi.org/10.17504/protocols.io.dm6gp35p8vzp/v1,FUSION,UBERON:0000074,44131,56749,0,UBERON:0000074,19737.65625,62.1957595,FALSE
314,91706.segmentations.ome.tiff,glomeruli,UBERON:0000074,dx.doi.org/10.17504/protocols.io.dm6gp35p8vzp/v1,FUSION,UBERON:0000074,37815,56375,0,UBERON:0000074,11381.59375,53.66563146,FALSE
313,91706.segmentations.ome.tiff,glomeruli,UBERON:0000074,dx.doi.org/10.17504/protocols.io.dm6gp35p8vzp/v1,FUSION,UBERON:0000074,51741,56349,0,UBERON:0000074,17136.625,60.74639907,FALSE
312,91706.segmentations.ome.tiff,glomeruli,UBERON:0000074,dx.doi.org/10.17504/protocols.io.dm6gp35p8vzp/v1,FUSION,UBERON:0000074,29812,56212,0,UBERON:0000074,15832.28125,66.00426123,FALSE
311,91706.segmentations.ome.tiff,glomeruli,UBERON:0000074,dx.doi.org/10.17504/protocols.io.dm6gp35p8vzp/v1,FUSION,UBERON:0000074,26632,56232,0,UBERON:0000074,17025.65625,60.46331532,FALSE
310,91706.segmentations.ome.tiff,glomeruli,UBERON:0000074,dx.doi.org/10.17504/protocols.io.dm6gp35p8vzp/v1,FUSION,UBERON:0000074,39356,56185,0,UBERON:0000074,10360.125,43.85344912,FALSE
309,91706.segmentations.ome.tiff,glomeruli,UBERON:0000074,dx.doi.org/10.17504/protocols.io.dm6gp35p8vzp/v1,FUSION,UBERON:0000074,50438,56179,0,UBERON:0000074,17056.09375,67.90664548,FALSE
308,91706.segmentations.ome.tiff,glomeruli,UBERON:0000074,dx.doi.org/10.17504/protocols.io.dm6gp35p8vzp/v1,FUSION,UBERON:0000074,36915,55772,0,UBERON:0000074,2209.3125,24.40414924,FALSE
307,91706.segmentations.ome.tiff,glomeruli,UBERON:0000074,dx.doi.org/10.17504/protocols.io.dm6gp35p8vzp/v1,FUSION,UBERON:0000074,40417,55923,0,UBERON:0000074,9542.09375,45.35209477,FALSE
306,91706.segmentations.ome.tiff,glomeruli,UBERON:0000074,dx.doi.org/10.17504/protocols.io.dm6gp35p8vzp/v1,FUSION,UBERON:0000074,43795,55933,0,UBERON:0000074,13863.625,55.91343756,FALSE
305,91706.segmentations.ome.tiff,glomeruli,UBERON:0000074,dx.doi.org/10.17504/protocols.io.dm6gp35p8vzp/v1,FUSION,UBERON:0000074,42055,55767,0,UBERON:0000074,4773.65625,33.57547468,FALSE
304,91706.segmentations.ome.tiff,glomeruli,UBERON:0000074,dx.doi.org/10.17504/protocols.io.dm6gp35p8vzp/v1,FUSION,UBERON:0000074,27483,55778,0,UBERON:0000074,15897.625,48.18843222,FALSE
303,91706.segmentations.ome.tiff,glomeruli,UBERON:0000074,dx.doi.org/10.17504/protocols.io.dm6gp35p8vzp/v1,FUSION,UBERON:0000074,46618,55558,0,UBERON:0000074,15255.5625,58.51335318,FALSE
302,91706.segmentations.ome.tiff,glomeruli,UBERON:0000074,dx.doi.org/10.17504/protocols.io.dm6gp35p8vzp/v1,FUSION,UBERON:0000074,52145,55471,0,UBERON:0000074,16098.59375,62.83410698,FALSE
301,91706.segmentations.ome.tiff,glomeruli,UBERON:0000074,dx.doi.org/10.17504/protocols.io.dm6gp35p8vzp/v1,FUSION,UBERON:0000074,34503,55397,0,UBERON:0000074,15806.375,58.02154772,FALSE
300,91706.segmentations.ome.tiff,glomeruli,UBERON:0000074,dx.doi.org/10.17504/protocols.io.dm6gp35p8vzp/v1,FUSION,UBERON:0000074,43473,55355,0,UBERON:0000074,21282.03125,72.72594104,FALSE
299,91706.segmentations.ome.tiff,glomeruli,UBERON:0000074,dx.doi.org/10.17504/protocols.io.dm6gp35p8vzp/v1,FUSION,UBERON:0000074,50602,54763,0,UBERON:0000074,10171.75,50.69640027,FALSE
298,91706.segmentations.ome.tiff,glomeruli,UBERON:0000074,dx.doi.org/10.17504/protocols.io.dm6gp35p8vzp/v1,FUSION,UBERON:0000074,36202,54761,0,UBERON:0000074,11128.4375,47.54208662,FALSE
297,91706.segmentations.ome.tiff,glomeruli,UBERON:0000074,dx.doi.org/10.17504/protocols.io.dm6gp35p8vzp/v1,FUSION,UBERON:0000074,48992,54813,0,UBERON:0000074,17493.09375,71.69553682,FALSE
296,91706.segmentations.ome.tiff,glomeruli,UBERON:0000074,dx.doi.org/10.17504/protocols.io.dm6gp35p8vzp/v1,FUSION,UBERON:0000074,39440,54574,0,UBERON:0000074,11814.84375,45.63441684,FALSE
295,91706.segmentations.ome.tiff,glomeruli,UBERON:0000074,dx.doi.org/10.17504/protocols.io.dm6gp35p8vzp/v1,FUSION,UBERON:0000074,37618,54383,0,UBERON:0000074,3664.6875,29.45016978,FALSE
294,91706.segmentations.ome.tiff,glomeruli,UBERON:0000074,dx.doi.org/10.17504/protocols.io.dm6gp35p8vzp/v1,FUSION,UBERON:0000074,35609,54286,0,UBERON:0000074,4893.125,30.74288536,FALSE
293,91706.segmentations.ome.tiff,glomeruli,UBERON:0000074,dx.doi.org/10.17504/protocols.io.dm6gp35p8vzp/v1,FUSION,UBERON:0000074,41851,54472,0,UBERON:0000074,22268.65625,73.63805063,FALSE
292,91706.segmentations.ome.tiff,glomeruli,UBERON:0000074,dx.doi.org/10.17504/protocols.io.dm6gp35p8vzp/v1,FUSION,UBERON:0000074,29417,54310,0,UBERON:0000074,15200.125,57.14017851,FALSE
291,91706.segmentations.ome.tiff,glomeruli,UBERON:0000074,dx.doi.org/10.17504/protocols.io.dm6gp35p8vzp/v1,FUSION,UBERON:0000074,24863,54382,0,UBERON:0000074,15011.0625,45.64263358,FALSE
288,91706.segmentations.ome.tiff,glomeruli,UBERON:0000074,dx.doi.org/10.17504/protocols.io.dm6gp35p8vzp/v1,FUSION,UBERON:0000074,51820,54131,0,UBERON:0000074,14241.53125,52.80920848,FALSE
287,91706.segmentations.ome.tiff,glomeruli,UBERON:0000074,dx.doi.org/10.17504/protocols.io.dm6gp35p8vzp/v1,FUSION,UBERON:0000074,15218,53919,0,UBERON:0000074,9687.8125,51.54245823,FALSE
286,91706.segmentations.ome.tiff,glomeruli,UBERON:0000074,dx.doi.org/10.17504/protocols.io.dm6gp35p8vzp/v1,FUSION,UBERON:0000074,13740,53639,0,UBERON:0000074,17369.8125,68.75909031,FALSE
285,91706.segmentations.ome.tiff,glomeruli,UBERON:0000074,dx.doi.org/10.17504/protocols.io.dm6gp35p8vzp/v1,FUSION,UBERON:0000074,56163,53490,0,UBERON:0000074,4440.21875,32.71563082,FALSE
284,91706.segmentations.ome.tiff,glomeruli,UBERON:0000074,dx.doi.org/10.17504/protocols.io.dm6gp35p8vzp/v1,FUSION,UBERON:0000074,33011,53524,0,UBERON:0000074,18131.03125,59.98541489,FALSE
283,91706.segmentations.ome.tiff,glomeruli,UBERON:0000074,dx.doi.org/10.17504/protocols.io.dm6gp35p8vzp/v1,FUSION,UBERON:0000074,32412,53225,0,UBERON:0000074,8599.71875,40.74616546,FALSE
282,91706.segmentations.ome.tiff,glomeruli,UBERON:0000074,dx.doi.org/10.17504/protocols.io.dm6gp35p8vzp/v1,FUSION,UBERON:0000074,50631,53203,0,UBERON:0000074,19975.625,70.59479443,FALSE
281,91706.segmentations.ome.tiff,glomeruli,UBERON:0000074,dx.doi.org/10.17504/protocols.io.dm6gp35p8vzp/v1,FUSION,UBERON:0000074,29405,53098,0,UBERON:0000074,12158.78125,49.3419193,FALSE
280,91706.segmentations.ome.tiff,glomeruli,UBERON:0000074,dx.doi.org/10.17504/protocols.io.dm6gp35p8vzp/v1,FUSION,UBERON:0000074,47482,52870,0,UBERON:0000074,20400.875,71.23245398,FALSE
279,91706.segmentations.ome.tiff,glomeruli,UBERON:0000074,dx.doi.org/10.17504/protocols.io.dm6gp35p8vzp/v1,FUSION,UBERON:0000074,15162,52759,0,UBERON:0000074,13700.84375,50.35498982,FALSE
278,91706.segmentations.ome.tiff,glomeruli,UBERON:0000074,dx.doi.org/10.17504/protocols.io.dm6gp35p8vzp/v1,FUSION,UBERON:0000074,52080,52724,0,UBERON:0000074,15892.5625,57.57875042,FALSE
277,91706.segmentations.ome.tiff,glomeruli,UBERON:0000074,dx.doi.org/10.17504/protocols.io.dm6gp35p8vzp/v1,FUSION,UBERON:0000074,13379,52695,0,UBERON:0000074,20040.34375,70.61249889,FALSE
276,91706.segmentations.ome.tiff,glomeruli,UBERON:0000074,dx.doi.org/10.17504/protocols.io.dm6gp35p8vzp/v1,FUSION,UBERON:0000074,29670,52517,0,UBERON:0000074,10796.125,51.49332481,FALSE
275,91706.segmentations.ome.tiff,glomeruli,UBERON:0000074,dx.doi.org/10.17504/protocols.io.dm6gp35p8vzp/v1,FUSION,UBERON:0000074,31785,52546,0,UBERON:0000074,16894.40625,57.89699906,FALSE
274,91706.segmentations.ome.tiff,glomeruli,UBERON:0000074,dx.doi.org/10.17504/protocols.io.dm6gp35p8vzp/v1,FUSION,UBERON:0000074,55761,52410,0,UBERON:0000074,15279.8125,62.96427559,FALSE
273,91706.segmentations.ome.tiff,glomeruli,UBERON:0000074,dx.doi.org/10.17504/protocols.io.dm6gp35p8vzp/v1,FUSION,UBERON:0000074,26098,52383,0,UBERON:0000074,8812.40625,41.30148302,FALSE
272,91706.segmentations.ome.tiff,glomeruli,UBERON:0000074,dx.doi.org/10.17504/protocols.io.dm6gp35p8vzp/v1,FUSION,UBERON:0000074,37124,52244,0,UBERON:0000074,10187.09375,47.13942087,FALSE
271,91706.segmentations.ome.tiff,glomeruli,UBERON:0000074,dx.doi.org/10.17504/protocols.io.dm6gp35p8vzp/v1,FUSION,UBERON:0000074,15278,52019,0,UBERON:0000074,5991.78125,38.68462227,FALSE
270,91706.segmentations.ome.tiff,glomeruli,UBERON:0000074,dx.doi.org/10.17504/protocols.io.dm6gp35p8vzp/v1,FUSION,UBERON:0000074,38952,52101,0,UBERON:0000074,16215.03125,52.93510178,FALSE
269,91706.segmentations.ome.tiff,glomeruli,UBERON:0000074,dx.doi.org/10.17504/protocols.io.dm6gp35p8vzp/v1,FUSION,UBERON:0000074,57861,51995,0,UBERON:0000074,23757.46875,67.59484078,FALSE
268,91706.segmentations.ome.tiff,glomeruli,UBERON:0000074,dx.doi.org/10.17504/protocols.io.dm6gp35p8vzp/v1,FUSION,UBERON:0000074,16542,52000,0,UBERON:0000074,14301.5,55.43013621,FALSE
267,91706.segmentations.ome.tiff,glomeruli,UBERON:0000074,dx.doi.org/10.17504/protocols.io.dm6gp35p8vzp/v1,FUSION,UBERON:0000074,13183,51930,0,UBERON:0000074,17011.03125,68.8839604,FALSE
266,91706.segmentations.ome.tiff,glomeruli,UBERON:0000074,dx.doi.org/10.17504/protocols.io.dm6gp35p8vzp/v1,FUSION,UBERON:0000074,44648,51690,0,UBERON:0000074,4104.71875,28.93635257,FALSE
265,91706.segmentations.ome.tiff,glomeruli,UBERON:0000074,dx.doi.org/10.17504/protocols.io.dm6gp35p8vzp/v1,FUSION,UBERON:0000074,41094,51745,0,UBERON:0000074,15698.46875,51.27986934,FALSE
264,91706.segmentations.ome.tiff,glomeruli,UBERON:0000074,dx.doi.org/10.17504/protocols.io.dm6gp35p8vzp/v1,FUSION,UBERON:0000074,18133,51046,0,UBERON:0000074,15028.4375,60.70883379,FALSE
263,91706.segmentations.ome.tiff,glomeruli,UBERON:0000074,dx.doi.org/10.17504/protocols.io.dm6gp35p8vzp/v1,FUSION,UBERON:0000074,44086,51066,0,UBERON:0000074,25223.03125,79.87842324,FALSE
262,91706.segmentations.ome.tiff,glomeruli,UBERON:0000074,dx.doi.org/10.17504/protocols.io.dm6gp35p8vzp/v1,FUSION,UBERON:0000074,33416,51122,0,UBERON:0000074,24546.09375,77.59188102,FALSE
261,91706.segmentations.ome.tiff,glomeruli,UBERON:0000074,dx.doi.org/10.17504/protocols.io.dm6gp35p8vzp/v1,FUSION,UBERON:0000074,14844,51031,0,UBERON:0000074,17259.28125,56,FALSE
260,91706.segmentations.ome.tiff,glomeruli,UBERON:0000074,dx.doi.org/10.17504/protocols.io.dm6gp35p8vzp/v1,FUSION,UBERON:0000074,51621,50664,0,UBERON:0000074,10165.34375,51.73490118,FALSE
259,91706.segmentations.ome.tiff,glomeruli,UBERON:0000074,dx.doi.org/10.17504/protocols.io.dm6gp35p8vzp/v1,FUSION,UBERON:0000074,37746,50685,0,UBERON:0000074,14667.21875,51.46175765,FALSE
258,91706.segmentations.ome.tiff,glomeruli,UBERON:0000074,dx.doi.org/10.17504/protocols.io.dm6gp35p8vzp/v1,FUSION,UBERON:0000074,54052,50690,0,UBERON:0000074,16108.375,55.82226258,FALSE
257,91706.segmentations.ome.tiff,glomeruli,UBERON:0000074,dx.doi.org/10.17504/protocols.io.dm6gp35p8vzp/v1,FUSION,UBERON:0000074,46865,50587,0,UBERON:0000074,24201.28125,74.27693114,FALSE
255,91706.segmentations.ome.tiff,glomeruli,UBERON:0000074,dx.doi.org/10.17504/protocols.io.dm6gp35p8vzp/v1,FUSION,UBERON:0000074,17340,50399,0,UBERON:0000074,16180.8125,60.88205811,FALSE
254,91706.segmentations.ome.tiff,glomeruli,UBERON:0000074,dx.doi.org/10.17504/protocols.io.dm6gp35p8vzp/v1,FUSION,UBERON:0000074,31747,50277,0,UBERON:0000074,9048.875,37.35053547,FALSE
253,91706.segmentations.ome.tiff,glomeruli,UBERON:0000074,dx.doi.org/10.17504/protocols.io.dm6gp35p8vzp/v1,FUSION,UBERON:0000074,43113,50448,0,UBERON:0000074,24922.15625,78.97824067,FALSE
252,91706.segmentations.ome.tiff,glomeruli,UBERON:0000074,dx.doi.org/10.17504/protocols.io.dm6gp35p8vzp/v1,FUSION,UBERON:0000074,51006,49985,0,UBERON:0000074,15942.90625,57.29310604,FALSE
251,91706.segmentations.ome.tiff,glomeruli,UBERON:0000074,dx.doi.org/10.17504/protocols.io.dm6gp35p8vzp/v1,FUSION,UBERON:0000074,35679,49692,0,UBERON:0000074,4634.09375,31.64352224,FALSE
250,91706.segmentations.ome.tiff,glomeruli,UBERON:0000074,dx.doi.org/10.17504/protocols.io.dm6gp35p8vzp/v1,FUSION,UBERON:0000074,29931,49833,0,UBERON:0000074,15383.84375,56.8973857,FALSE
249,91706.segmentations.ome.tiff,glomeruli,UBERON:0000074,dx.doi.org/10.17504/protocols.io.dm6gp35p8vzp/v1,FUSION,UBERON:0000074,17424,49601,0,UBERON:0000074,16928.53125,63.11200361,FALSE
248,91706.segmentations.ome.tiff,glomeruli,UBERON:0000074,dx.doi.org/10.17504/protocols.io.dm6gp35p8vzp/v1,FUSION,UBERON:0000074,54002,49563,0,UBERON:0000074,8083.65625,39.7940008,FALSE
247,91706.segmentations.ome.tiff,glomeruli,UBERON:0000074,dx.doi.org/10.17504/protocols.io.dm6gp35p8vzp/v1,FUSION,UBERON:0000074,46135,49597,0,UBERON:0000074,18533.78125,68.79543953,FALSE
246,91706.segmentations.ome.tiff,glomeruli,UBERON:0000074,dx.doi.org/10.17504/protocols.io.dm6gp35p8vzp/v1,FUSION,UBERON:0000074,54988,49451,0,UBERON:0000074,16201.75,60.98821607,FALSE
245,91706.segmentations.ome.tiff,glomeruli,UBERON:0000074,dx.doi.org/10.17504/protocols.io.dm6gp35p8vzp/v1,FUSION,UBERON:0000074,39821,49497,0,UBERON:0000074,17931.09375,45.09226652,FALSE
244,91706.segmentations.ome.tiff,glomeruli,UBERON:0000074,dx.doi.org/10.17504/protocols.io.dm6gp35p8vzp/v1,FUSION,UBERON:0000074,18728,49215,0,UBERON:0000074,14894,60.79165239,FALSE
243,91706.segmentations.ome.tiff,glomeruli,UBERON:0000074,dx.doi.org/10.17504/protocols.io.dm6gp35p8vzp/v1,FUSION,UBERON:0000074,13201,48897,0,UBERON:0000074,14599.84375,59.36855228,FALSE
242,91706.segmentations.ome.tiff,glomeruli,UBERON:0000074,dx.doi.org/10.17504/protocols.io.dm6gp35p8vzp/v1,FUSION,UBERON:0000074,40548,48816,0,UBERON:0000074,8531.28125,41.82179456,FALSE
241,91706.segmentations.ome.tiff,glomeruli,UBERON:0000074,dx.doi.org/10.17504/protocols.io.dm6gp35p8vzp/v1,FUSION,UBERON:0000074,49754,48692,0,UBERON:0000074,10306.4375,52.04865512,FALSE
240,91706.segmentations.ome.tiff,glomeruli,UBERON:0000074,dx.doi.org/10.17504/protocols.io.dm6gp35p8vzp/v1,FUSION,UBERON:0000074,45173,48640,0,UBERON:0000074,10198.4375,46.44620544,FALSE
239,91706.segmentations.ome.tiff,glomeruli,UBERON:0000074,dx.doi.org/10.17504/protocols.io.dm6gp35p8vzp/v1,FUSION,UBERON:0000074,47559,48498,0,UBERON:0000074,18247.8125,65.18147743,FALSE
238,91706.segmentations.ome.tiff,glomeruli,UBERON:0000074,dx.doi.org/10.17504/protocols.io.dm6gp35p8vzp/v1,FUSION,UBERON:0000074,53725,48437,0,UBERON:0000074,17141.40625,63.35071034,FALSE
237,91706.segmentations.ome.tiff,glomeruli,UBERON:0000074,dx.doi.org/10.17504/protocols.io.dm6gp35p8vzp/v1,FUSION,UBERON:0000074,20327,48358,0,UBERON:0000074,15036,56.89079451,FALSE
236,91706.segmentations.ome.tiff,glomeruli,UBERON:0000074,dx.doi.org/10.17504/protocols.io.dm6gp35p8vzp/v1,FUSION,UBERON:0000074,39398,48140,0,UBERON:0000074,2906.03125,20.88659857,FALSE
234,91706.segmentations.ome.tiff,glomeruli,UBERON:0000074,dx.doi.org/10.17504/protocols.io.dm6gp35p8vzp/v1,FUSION,UBERON:0000074,15593,48127,0,UBERON:0000074,5850.03125,35.306692,FALSE
233,91706.segmentations.ome.tiff,glomeruli,UBERON:0000074,dx.doi.org/10.17504/protocols.io.dm6gp35p8vzp/v1,FUSION,UBERON:0000074,38611,48210,0,UBERON:0000074,14325.21875,54.77681991,FALSE
232,91706.segmentations.ome.tiff,glomeruli,UBERON:0000074,dx.doi.org/10.17504/protocols.io.dm6gp35p8vzp/v1,FUSION,UBERON:0000074,44567,48050,0,UBERON:0000074,13512.5,51.89412298,FALSE
231,91706.segmentations.ome.tiff,glomeruli,UBERON:0000074,dx.doi.org/10.17504/protocols.io.dm6gp35p8vzp/v1,FUSION,UBERON:0000074,32019,47867,0,UBERON:0000074,16379.59375,57.7591984,FALSE
230,91706.segmentations.ome.tiff,glomeruli,UBERON:0000074,dx.doi.org/10.17504/protocols.io.dm6gp35p8vzp/v1,FUSION,UBERON:0000074,56686,47871,0,UBERON:0000074,27318.96875,74.62112637,FALSE
229,91706.segmentations.ome.tiff,glomeruli,UBERON:0000074,dx.doi.org/10.17504/protocols.io.dm6gp35p8vzp/v1,FUSION,UBERON:0000074,51883,47776,0,UBERON:0000074,14779.6875,58.8695592,FALSE
228,91706.segmentations.ome.tiff,glomeruli,UBERON:0000074,dx.doi.org/10.17504/protocols.io.dm6gp35p8vzp/v1,FUSION,UBERON:0000074,35847,47674,0,UBERON:0000074,14082.375,60.07703388,FALSE
227,91706.segmentations.ome.tiff,glomeruli,UBERON:0000074,dx.doi.org/10.17504/protocols.io.dm6gp35p8vzp/v1,FUSION,UBERON:0000074,51066,47687,0,UBERON:0000074,19351.03125,67.97288062,FALSE
226,91706.segmentations.ome.tiff,glomeruli,UBERON:0000074,dx.doi.org/10.17504/protocols.io.dm6gp35p8vzp/v1,FUSION,UBERON:0000074,18792,47075,0,UBERON:0000074,9270.0625,47.98567495,FALSE
225,91706.segmentations.ome.tiff,glomeruli,UBERON:0000074,dx.doi.org/10.17504/protocols.io.dm6gp35p8vzp/v1,FUSION,UBERON:0000074,56354,46817,0,UBERON:0000074,11535.8125,53.23826162,FALSE
224,91706.segmentations.ome.tiff,glomeruli,UBERON:0000074,dx.doi.org/10.17504/protocols.io.dm6gp35p8vzp/v1,FUSION,UBERON:0000074,53411,46604,0,UBERON:0000074,7963.25,41.91434719,FALSE
223,91706.segmentations.ome.tiff,glomeruli,UBERON:0000074,dx.doi.org/10.17504/protocols.io.dm6gp35p8vzp/v1,FUSION,UBERON:0000074,16217,46672,0,UBERON:0000074,13021.03125,57.45269793,FALSE
222,91706.segmentations.ome.tiff,glomeruli,UBERON:0000074,dx.doi.org/10.17504/protocols.io.dm6gp35p8vzp/v1,FUSION,UBERON:0000074,50509,46615,0,UBERON:0000074,13385.4375,53.05186142,FALSE
221,91706.segmentations.ome.tiff,glomeruli,UBERON:0000074,dx.doi.org/10.17504/protocols.io.dm6gp35p8vzp/v1,FUSION,UBERON:0000074,39793,46495,0,UBERON:0000074,14499.71875,60.37021203,FALSE
220,91706.segmentations.ome.tiff,glomeruli,UBERON:0000074,dx.doi.org/10.17504/protocols.io.dm6gp35p8vzp/v1,FUSION,UBERON:0000074,17563,46216,0,UBERON:0000074,3448.5,26.07680962,FALSE
219,91706.segmentations.ome.tiff,glomeruli,UBERON:0000074,dx.doi.org/10.17504/protocols.io.dm6gp35p8vzp/v1,FUSION,UBERON:0000074,38129,46329,0,UBERON:0000074,18300.875,64.23589339,FALSE
218,91706.segmentations.ome.tiff,glomeruli,UBERON:0000074,dx.doi.org/10.17504/protocols.io.dm6gp35p8vzp/v1,FUSION,UBERON:0000074,12191,46127,0,UBERON:0000074,4985.28125,34.25,FALSE
217,91706.segmentations.ome.tiff,glomeruli,UBERON:0000074,dx.doi.org/10.17504/protocols.io.dm6gp35p8vzp/v1,FUSION,UBERON:0000074,46422,46114,0,UBERON:0000074,18165.84375,68.80770306,FALSE
216,91706.segmentations.ome.tiff,glomeruli,UBERON:0000074,dx.doi.org/10.17504/protocols.io.dm6gp35p8vzp/v1,FUSION,UBERON:0000074,52160,46133,0,UBERON:0000074,18880.65625,63.36057528,FALSE
215,91706.segmentations.ome.tiff,glomeruli,UBERON:0000074,dx.doi.org/10.17504/protocols.io.dm6gp35p8vzp/v1,FUSION,UBERON:0000074,41203,45443,0,UBERON:0000074,11233.125,52.33665064,FALSE
214,91706.segmentations.ome.tiff,glomeruli,UBERON:0000074,dx.doi.org/10.17504/protocols.io.dm6gp35p8vzp/v1,FUSION,UBERON:0000074,33560,45421,0,UBERON:0000074,10896.09375,48.03254105,FALSE
213,91706.segmentations.ome.tiff,glomeruli,UBERON:0000074,dx.doi.org/10.17504/protocols.io.dm6gp35p8vzp/v1,FUSION,UBERON:0000074,24132,45336,0,UBERON:0000074,17301.125,68.96421173,FALSE
212,91706.segmentations.ome.tiff,glomeruli,UBERON:0000074,dx.doi.org/10.17504/protocols.io.dm6gp35p8vzp/v1,FUSION,UBERON:0000074,12536,45132,0,UBERON:0000074,5138.9375,26.80601612,FALSE
211,91706.segmentations.ome.tiff,glomeruli,UBERON:0000074,dx.doi.org/10.17504/protocols.io.dm6gp35p8vzp/v1,FUSION,UBERON:0000074,40740,45119,0,UBERON:0000074,12271.15625,54.73230308,FALSE
210,91706.segmentations.ome.tiff,glomeruli,UBERON:0000074,dx.doi.org/10.17504/protocols.io.dm6gp35p8vzp/v1,FUSION,UBERON:0000074,44723,45051,0,UBERON:0000074,22580.71875,69.30458138,FALSE
209,91706.segmentations.ome.tiff,glomeruli,UBERON:0000074,dx.doi.org/10.17504/protocols.io.dm6gp35p8vzp/v1,FUSION,UBERON:0000074,57705,44943,0,UBERON:0000074,15599.5,59.01906472,FALSE
208,91706.segmentations.ome.tiff,glomeruli,UBERON:0000074,dx.doi.org/10.17504/protocols.io.dm6gp35p8vzp/v1,FUSION,UBERON:0000074,13289,44773,0,UBERON:0000074,6064.78125,38.55191305,FALSE
207,91706.segmentations.ome.tiff,glomeruli,UBERON:0000074,dx.doi.org/10.17504/protocols.io.dm6gp35p8vzp/v1,FUSION,UBERON:0000074,42083,44560,0,UBERON:0000074,14798.65625,57.9007772,FALSE
206,91706.segmentations.ome.tiff,glomeruli,UBERON:0000074,dx.doi.org/10.17504/protocols.io.dm6gp35p8vzp/v1,FUSION,UBERON:0000074,38777,44515,0,UBERON:0000074,21908.1875,68.50182479,FALSE
205,91706.segmentations.ome.tiff,glomeruli,UBERON:0000074,dx.doi.org/10.17504/protocols.io.dm6gp35p8vzp/v1,FUSION,UBERON:0000074,53896,44260,0,UBERON:0000074,13028.46875,59.58030295,FALSE
204,91706.segmentations.ome.tiff,glomeruli,UBERON:0000074,dx.doi.org/10.17504/protocols.io.dm6gp35p8vzp/v1,FUSION,UBERON:0000074,15049,44273,0,UBERON:0000074,14039.8125,58.46419845,FALSE
203,91706.segmentations.ome.tiff,glomeruli,UBERON:0000074,dx.doi.org/10.17504/protocols.io.dm6gp35p8vzp/v1,FUSION,UBERON:0000074,12362,44146,0,UBERON:0000074,7948.9375,44.16800312,FALSE
202,91706.segmentations.ome.tiff,glomeruli,UBERON:0000074,dx.doi.org/10.17504/protocols.io.dm6gp35p8vzp/v1,FUSION,UBERON:0000074,56853,44170,0,UBERON:0000074,22886.78125,75.30977692,FALSE
201,91706.segmentations.ome.tiff,glomeruli,UBERON:0000074,dx.doi.org/10.17504/protocols.io.dm6gp35p8vzp/v1,FUSION,UBERON:0000074,49357,44204,0,UBERON:0000074,18775.125,66.14472768,FALSE
200,91706.segmentations.ome.tiff,glomeruli,UBERON:0000074,dx.doi.org/10.17504/protocols.io.dm6gp35p8vzp/v1,FUSION,UBERON:0000074,37832,43970,0,UBERON:0000074,17102.0625,65.96969001,FALSE
199,91706.segmentations.ome.tiff,glomeruli,UBERON:0000074,dx.doi.org/10.17504/protocols.io.dm6gp35p8vzp/v1,FUSION,UBERON:0000074,43186,43908,0,UBERON:0000074,17646.375,62.30218696,FALSE
198,91706.segmentations.ome.tiff,glomeruli,UBERON:0000074,dx.doi.org/10.17504/protocols.io.dm6gp35p8vzp/v1,FUSION,UBERON:0000074,46715,43761,0,UBERON:0000074,11286.46875,48.15859217,FALSE
197,91706.segmentations.ome.tiff,glomeruli,UBERON:0000074,dx.doi.org/10.17504/protocols.io.dm6gp35p8vzp/v1,FUSION,UBERON:0000074,16538,43804,0,UBERON:0000074,13734.75,57.46792584,FALSE
196,91706.segmentations.ome.tiff,glomeruli,UBERON:0000074,dx.doi.org/10.17504/protocols.io.dm6gp35p8vzp/v1,FUSION,UBERON:0000074,44541,43810,0,UBERON:0000074,17470.8125,64.31659972,FALSE
195,91706.segmentations.ome.tiff,glomeruli,UBERON:0000074,dx.doi.org/10.17504/protocols.io.dm6gp35p8vzp/v1,FUSION,UBERON:0000074,18243,43601,0,UBERON:0000074,10870.75,53.66796065,FALSE
194,91706.segmentations.ome.tiff,glomeruli,UBERON:0000074,dx.doi.org/10.17504/protocols.io.dm6gp35p8vzp/v1,FUSION,UBERON:0000074,14157,43565,0,UBERON:0000074,15757.9375,61.27040476,FALSE
193,91706.segmentations.ome.tiff,glomeruli,UBERON:0000074,dx.doi.org/10.17504/protocols.io.dm6gp35p8vzp/v1,FUSION,UBERON:0000074,18171,43057,0,UBERON:0000074,15320.3125,64.53874805,FALSE
192,91706.segmentations.ome.tiff,glomeruli,UBERON:0000074,dx.doi.org/10.17504/protocols.io.dm6gp35p8vzp/v1,FUSION,UBERON:0000074,25534,43000,0,UBERON:0000074,19234.28125,71.45103218,FALSE
191,91706.segmentations.ome.tiff,glomeruli,UBERON:0000074,dx.doi.org/10.17504/protocols.io.dm6gp35p8vzp/v1,FUSION,UBERON:0000074,48890,42869,0,UBERON:0000074,17503.96875,58.37058334,FALSE
190,91706.segmentations.ome.tiff,glomeruli,UBERON:0000074,dx.doi.org/10.17504/protocols.io.dm6gp35p8vzp/v1,FUSION,UBERON:0000074,21836,42626,0,UBERON:0000074,6618.59375,36.13343327,FALSE
189,91706.segmentations.ome.tiff,glomeruli,UBERON:0000074,dx.doi.org/10.17504/protocols.io.dm6gp35p8vzp/v1,FUSION,UBERON:0000074,43451,42712,0,UBERON:0000074,22156.65625,70.75706678,FALSE
188,91706.segmentations.ome.tiff,glomeruli,UBERON:0000074,dx.doi.org/10.17504/protocols.io.dm6gp35p8vzp/v1,FUSION,UBERON:0000074,27428,42633,0,UBERON:0000074,21553.34375,73.76016879,FALSE
187,91706.segmentations.ome.tiff,glomeruli,UBERON:0000074,dx.doi.org/10.17504/protocols.io.dm6gp35p8vzp/v1,FUSION,UBERON:0000074,54699,42333,0,UBERON:0000074,15258.84375,61.64059133,FALSE
186,91706.segmentations.ome.tiff,glomeruli,UBERON:0000074,dx.doi.org/10.17504/protocols.io.dm6gp35p8vzp/v1,FUSION,UBERON:0000074,54324,42014,0,UBERON:0000074,4554.96875,30,FALSE
185,91706.segmentations.ome.tiff,glomeruli,UBERON:0000074,dx.doi.org/10.17504/protocols.io.dm6gp35p8vzp/v1,FUSION,UBERON:0000074,13270,41911,0,UBERON:0000074,19371.375,70.89781379,FALSE
184,91706.segmentations.ome.tiff,glomeruli,UBERON:0000074,dx.doi.org/10.17504/protocols.io.dm6gp35p8vzp/v1,FUSION,UBERON:0000074,56492,41687,0,UBERON:0000074,7337.5625,43.04140448,FALSE
183,91706.segmentations.ome.tiff,glomeruli,UBERON:0000074,dx.doi.org/10.17504/protocols.io.dm6gp35p8vzp/v1,FUSION,UBERON:0000074,27930,41665,0,UBERON:0000074,19352.65625,72.01128384,FALSE
182,91706.segmentations.ome.tiff,glomeruli,UBERON:0000074,dx.doi.org/10.17504/protocols.io.dm6gp35p8vzp/v1,FUSION,UBERON:0000074,13796,41517,0,UBERON:0000074,19277.9375,70.29802629,FALSE
181,91706.segmentations.ome.tiff,glomeruli,UBERON:0000074,dx.doi.org/10.17504/protocols.io.dm6gp35p8vzp/v1,FUSION,UBERON:0000074,54029,41304,0,UBERON:0000074,13621,51.01531633,FALSE
180,91706.segmentations.ome.tiff,glomeruli,UBERON:0000074,dx.doi.org/10.17504/protocols.io.dm6gp35p8vzp/v1,FUSION,UBERON:0000074,15610,41016,0,UBERON:0000074,3181.125,28.36040373,FALSE
179,91706.segmentations.ome.tiff,glomeruli,UBERON:0000074,dx.doi.org/10.17504/protocols.io.dm6gp35p8vzp/v1,FUSION,UBERON:0000074,49813,41094,0,UBERON:0000074,22446.65625,80.00624976,FALSE
177,91706.segmentations.ome.tiff,glomeruli,UBERON:0000074,dx.doi.org/10.17504/protocols.io.dm6gp35p8vzp/v1,FUSION,UBERON:0000074,20623,40741,0,UBERON:0000074,16546.5625,63.95310782,FALSE
176,91706.segmentations.ome.tiff,glomeruli,UBERON:0000074,dx.doi.org/10.17504/protocols.io.dm6gp35p8vzp/v1,FUSION,UBERON:0000074,17064,40746,0,UBERON:0000074,15219.8125,56.77697597,FALSE
175,91706.segmentations.ome.tiff,glomeruli,UBERON:0000074,dx.doi.org/10.17504/protocols.io.dm6gp35p8vzp/v1,FUSION,UBERON:0000074,13254,40706,0,UBERON:0000074,12668.9375,55.56977596,FALSE
174,91706.segmentations.ome.tiff,glomeruli,UBERON:0000074,dx.doi.org/10.17504/protocols.io.dm6gp35p8vzp/v1,FUSION,UBERON:0000074,18578,40620,0,UBERON:0000074,13459.15625,58.15980141,FALSE
173,91706.segmentations.ome.tiff,glomeruli,UBERON:0000074,dx.doi.org/10.17504/protocols.io.dm6gp35p8vzp/v1,FUSION,UBERON:0000074,48968,40473,0,UBERON:0000074,13936.28125,55.27770798,FALSE
172,91706.segmentations.ome.tiff,glomeruli,UBERON:0000074,dx.doi.org/10.17504/protocols.io.dm6gp35p8vzp/v1,FUSION,UBERON:0000074,16265,40469,0,UBERON:0000074,18301.59375,67.66692323,FALSE
171,91706.segmentations.ome.tiff,glomeruli,UBERON:0000074,dx.doi.org/10.17504/protocols.io.dm6gp35p8vzp/v1,FUSION,UBERON:0000074,14375,40276,0,UBERON:0000074,4059.15625,28.36370921,FALSE
170,91706.segmentations.ome.tiff,glomeruli,UBERON:0000074,dx.doi.org/10.17504/protocols.io.dm6gp35p8vzp/v1,FUSION,UBERON:0000074,15047,40262,0,UBERON:0000074,12274.34375,51.25243897,FALSE
169,91706.segmentations.ome.tiff,glomeruli,UBERON:0000074,dx.doi.org/10.17504/protocols.io.dm6gp35p8vzp/v1,FUSION,UBERON:0000074,18704,40132,0,UBERON:0000074,3011.03125,26.92814513,FALSE
168,91706.segmentations.ome.tiff,glomeruli,UBERON:0000074,dx.doi.org/10.17504/protocols.io.dm6gp35p8vzp/v1,FUSION,UBERON:0000074,20189,40228,0,UBERON:0000074,12937.5,52.08466665,FALSE
167,91706.segmentations.ome.tiff,glomeruli,UBERON:0000074,dx.doi.org/10.17504/protocols.io.dm6gp35p8vzp/v1,FUSION,UBERON:0000074,55135,40069,0,UBERON:0000074,16215.15625,59.00688519,FALSE
166,91706.segmentations.ome.tiff,glomeruli,UBERON:0000074,dx.doi.org/10.17504/protocols.io.dm6gp35p8vzp/v1,FUSION,UBERON:0000074,52809,40089,0,UBERON:0000074,20974.0625,56.06079289,FALSE
165,91706.segmentations.ome.tiff,glomeruli,UBERON:0000074,dx.doi.org/10.17504/protocols.io.dm6gp35p8vzp/v1,FUSION,UBERON:0000074,15669,39943,0,UBERON:0000074,3434.15625,30.4815518,FALSE
164,91706.segmentations.ome.tiff,glomeruli,UBERON:0000074,dx.doi.org/10.17504/protocols.io.dm6gp35p8vzp/v1,FUSION,UBERON:0000074,53411,39153,0,UBERON:0000074,7393.84375,37.64056987,FALSE
163,91706.segmentations.ome.tiff,glomeruli,UBERON:0000074,dx.doi.org/10.17504/protocols.io.dm6gp35p8vzp/v1,FUSION,UBERON:0000074,54512,38998,0,UBERON:0000074,10233.09375,46.65029475,FALSE
162,91706.segmentations.ome.tiff,glomeruli,UBERON:0000074,dx.doi.org/10.17504/protocols.io.dm6gp35p8vzp/v1,FUSION,UBERON:0000074,57025,38942,0,UBERON:0000074,10792.15625,51.25243897,FALSE
161,91706.segmentations.ome.tiff,glomeruli,UBERON:0000074,dx.doi.org/10.17504/protocols.io.dm6gp35p8vzp/v1,FUSION,UBERON:0000074,18330,39057,0,UBERON:0000074,18881.71875,70.613384,FALSE
160,91706.segmentations.ome.tiff,glomeruli,UBERON:0000074,dx.doi.org/10.17504/protocols.io.dm6gp35p8vzp/v1,FUSION,UBERON:0000074,15964,38596,0,UBERON:0000074,12181.875,48.71986248,FALSE
159,91706.segmentations.ome.tiff,glomeruli,UBERON:0000074,dx.doi.org/10.17504/protocols.io.dm6gp35p8vzp/v1,FUSION,UBERON:0000074,15165,38541,0,UBERON:0000074,12256.59375,57.70885981,FALSE
158,91706.segmentations.ome.tiff,glomeruli,UBERON:0000074,dx.doi.org/10.17504/protocols.io.dm6gp35p8vzp/v1,FUSION,UBERON:0000074,12409,38225,0,UBERON:0000074,11678.96875,54.45755228,FALSE
157,91706.segmentations.ome.tiff,glomeruli,UBERON:0000074,dx.doi.org/10.17504/protocols.io.dm6gp35p8vzp/v1,FUSION,UBERON:0000074,23017,38176,0,UBERON:0000074,14423.84375,58.56300026,FALSE
156,91706.segmentations.ome.tiff,glomeruli,UBERON:0000074,dx.doi.org/10.17504/protocols.io.dm6gp35p8vzp/v1,FUSION,UBERON:0000074,53757,38009,0,UBERON:0000074,10133.25,41.83076021,FALSE
155,91706.segmentations.ome.tiff,glomeruli,UBERON:0000074,dx.doi.org/10.17504/protocols.io.dm6gp35p8vzp/v1,FUSION,UBERON:0000074,14336,37870,0,UBERON:0000074,4894.78125,34.5325933,FALSE
154,91706.segmentations.ome.tiff,glomeruli,UBERON:0000074,dx.doi.org/10.17504/protocols.io.dm6gp35p8vzp/v1,FUSION,UBERON:0000074,18106,37690,0,UBERON:0000074,11698.1875,52.21649644,FALSE
153,91706.segmentations.ome.tiff,glomeruli,UBERON:0000074,dx.doi.org/10.17504/protocols.io.dm6gp35p8vzp/v1,FUSION,UBERON:0000074,58228,37633,0,UBERON:0000074,8163.34375,38.46101923,FALSE
152,91706.segmentations.ome.tiff,glomeruli,UBERON:0000074,dx.doi.org/10.17504/protocols.io.dm6gp35p8vzp/v1,FUSION,UBERON:0000074,13335,37565,0,UBERON:0000074,9975.21875,39.66894251,FALSE
151,91706.segmentations.ome.tiff,glomeruli,UBERON:0000074,dx.doi.org/10.17504/protocols.io.dm6gp35p8vzp/v1,FUSION,UBERON:0000074,23633,37398,0,UBERON:0000074,8112.875,46.00611372,FALSE
150,91706.segmentations.ome.tiff,glomeruli,UBERON:0000074,dx.doi.org/10.17504/protocols.io.dm6gp35p8vzp/v1,FUSION,UBERON:0000074,53548,37073,0,UBERON:0000074,12259.25,43.69281978,FALSE
148,91706.segmentations.ome.tiff,glomeruli,UBERON:0000074,dx.doi.org/10.17504/protocols.io.dm6gp35p8vzp/v1,FUSION,UBERON:0000074,13457,36824,0,UBERON:0000074,13682.6875,55,FALSE
147,91706.segmentations.ome.tiff,glomeruli,UBERON:0000074,dx.doi.org/10.17504/protocols.io.dm6gp35p8vzp/v1,FUSION,UBERON:0000074,14529,36507,0,UBERON:0000074,16760.9375,61.18108368,FALSE
146,91706.segmentations.ome.tiff,glomeruli,UBERON:0000074,dx.doi.org/10.17504/protocols.io.dm6gp35p8vzp/v1,FUSION,UBERON:0000074,17052,36184,0,UBERON:0000074,14431.3125,59.46900453,FALSE
145,91706.segmentations.ome.tiff,glomeruli,UBERON:0000074,dx.doi.org/10.17504/protocols.io.dm6gp35p8vzp/v1,FUSION,UBERON:0000074,24567,35859,0,UBERON:0000074,11221.6875,52.94159518,FALSE
144,91706.segmentations.ome.tiff,glomeruli,UBERON:0000074,dx.doi.org/10.17504/protocols.io.dm6gp35p8vzp/v1,FUSION,UBERON:0000074,26089,35927,0,UBERON:0000074,21427.15625,75.25,FALSE
143,91706.segmentations.ome.tiff,glomeruli,UBERON:0000074,dx.doi.org/10.17504/protocols.io.dm6gp35p8vzp/v1,FUSION,UBERON:0000074,13785,35685,0,UBERON:0000074,9246.03125,40.80441153,FALSE
142,91706.segmentations.ome.tiff,glomeruli,UBERON:0000074,dx.doi.org/10.17504/protocols.io.dm6gp35p8vzp/v1,FUSION,UBERON:0000074,16888,35572,0,UBERON:0000074,8626.0625,44.5,FALSE
140,91706.segmentations.ome.tiff,glomeruli,UBERON:0000074,dx.doi.org/10.17504/protocols.io.dm6gp35p8vzp/v1,FUSION,UBERON:0000074,15886,35393,0,UBERON:0000074,12807.90625,56.44687768,FALSE
139,91706.segmentations.ome.tiff,glomeruli,UBERON:0000074,dx.doi.org/10.17504/protocols.io.dm6gp35p8vzp/v1,FUSION,UBERON:0000074,58438,35273,0,UBERON:0000074,7807.34375,42.20855956,FALSE
138,91706.segmentations.ome.tiff,glomeruli,UBERON:0000074,dx.doi.org/10.17504/protocols.io.dm6gp35p8vzp/v1,FUSION,UBERON:0000074,23747,35307,0,UBERON:0000074,15037.25,55.77017572,FALSE
137,91706.segmentations.ome.tiff,glomeruli,UBERON:0000074,dx.doi.org/10.17504/protocols.io.dm6gp35p8vzp/v1,FUSION,UBERON:0000074,18894,35152,0,UBERON:0000074,13816.78125,57.10133536,FALSE
136,91706.segmentations.ome.tiff,glomeruli,UBERON:0000074,dx.doi.org/10.17504/protocols.io.dm6gp35p8vzp/v1,FUSION,UBERON:0000074,15053,35148,0,UBERON:0000074,15753.1875,62.14197454,FALSE
135,91706.segmentations.ome.tiff,glomeruli,UBERON:0000074,dx.doi.org/10.17504/protocols.io.dm6gp35p8vzp/v1,FUSION,UBERON:0000074,19909,34996,0,UBERON:0000074,8348.625,43.16537965,FALSE
134,91706.segmentations.ome.tiff,glomeruli,UBERON:0000074,dx.doi.org/10.17504/protocols.io.dm6gp35p8vzp/v1,FUSION,UBERON:0000074,22208,34936,0,UBERON:0000074,23990.6875,79.53379785,FALSE
133,91706.segmentations.ome.tiff,glomeruli,UBERON:0000074,dx.doi.org/10.17504/protocols.io.dm6gp35p8vzp/v1,FUSION,UBERON:0000074,19882,34384,0,UBERON:0000074,17943.40625,67.74308083,FALSE
132,91706.segmentations.ome.tiff,glomeruli,UBERON:0000074,dx.doi.org/10.17504/protocols.io.dm6gp35p8vzp/v1,FUSION,UBERON:0000074,23429,33967,0,UBERON:0000074,18457.3125,72.03341239,FALSE
131,91706.segmentations.ome.tiff,glomeruli,UBERON:0000074,dx.doi.org/10.17504/protocols.io.dm6gp35p8vzp/v1,FUSION,UBERON:0000074,12160,33772,0,UBERON:0000074,11723.25,51.46904409,FALSE
130,91706.segmentations.ome.tiff,glomeruli,UBERON:0000074,dx.doi.org/10.17504/protocols.io.dm6gp35p8vzp/v1,FUSION,UBERON:0000074,17962,33647,0,UBERON:0000074,5034.625,31.48412298,FALSE
124,91706.segmentations.ome.tiff,glomeruli,UBERON:0000074,dx.doi.org/10.17504/protocols.io.dm6gp35p8vzp/v1,FUSION,UBERON:0000074,12822,33544,0,UBERON:0000074,5337.1875,31.90317382,FALSE
123,91706.segmentations.ome.tiff,glomeruli,UBERON:0000074,dx.doi.org/10.17504/protocols.io.dm6gp35p8vzp/v1,FUSION,UBERON:0000074,16991,33318,0,UBERON:0000074,11208.53125,52.25717654,FALSE
122,91706.segmentations.ome.tiff,glomeruli,UBERON:0000074,dx.doi.org/10.17504/protocols.io.dm6gp35p8vzp/v1,FUSION,UBERON:0000074,21189,33371,0,UBERON:0000074,23698.40625,76.53471435,FALSE
121,91706.segmentations.ome.tiff,glomeruli,UBERON:0000074,dx.doi.org/10.17504/protocols.io.dm6gp35p8vzp/v1,FUSION,UBERON:0000074,18091,33023,0,UBERON:0000074,10254.0625,46.14108798,FALSE
120,91706.segmentations.ome.tiff,glomeruli,UBERON:0000074,dx.doi.org/10.17504/protocols.io.dm6gp35p8vzp/v1,FUSION,UBERON:0000074,14230,32954,0,UBERON:0000074,8662.28125,45.20024889,FALSE
119,91706.segmentations.ome.tiff,glomeruli,UBERON:0000074,dx.doi.org/10.17504/protocols.io.dm6gp35p8vzp/v1,FUSION,UBERON:0000074,16513,32834,0,UBERON:0000074,13450.5625,57.15002187,FALSE
118,91706.segmentations.ome.tiff,glomeruli,UBERON:0000074,dx.doi.org/10.17504/protocols.io.dm6gp35p8vzp/v1,FUSION,UBERON:0000074,26414,30833,0,UBERON:0000074,18787.09375,74.12868878,FALSE
117,91706.segmentations.ome.tiff,glomeruli,UBERON:0000074,dx.doi.org/10.17504/protocols.io.dm6gp35p8vzp/v1,FUSION,UBERON:0000074,23363,30714,0,UBERON:0000074,11172.90625,54.08326913,FALSE
116,91706.segmentations.ome.tiff,glomeruli,UBERON:0000074,dx.doi.org/10.17504/protocols.io.dm6gp35p8vzp/v1,FUSION,UBERON:0000074,21523,30205,0,UBERON:0000074,7688.21875,41.50677656,FALSE
115,91706.segmentations.ome.tiff,glomeruli,UBERON:0000074,dx.doi.org/10.17504/protocols.io.dm6gp35p8vzp/v1,FUSION,UBERON:0000074,15776,29259,0,UBERON:0000074,9947.46875,48.62162585,FALSE
113,91706.segmentations.ome.tiff,glomeruli,UBERON:0000074,dx.doi.org/10.17504/protocols.io.dm6gp35p8vzp/v1,FUSION,UBERON:0000074,18590,28711,0,UBERON:0000074,11753.40625,47.02459463,FALSE
112,91706.segmentations.ome.tiff,glomeruli,UBERON:0000074,dx.doi.org/10.17504/protocols.io.dm6gp35p8vzp/v1,FUSION,UBERON:0000074,32008,28717,0,UBERON:0000074,9543.3125,48.62162585,FALSE
111,91706.segmentations.ome.tiff,glomeruli,UBERON:0000074,dx.doi.org/10.17504/protocols.io.dm6gp35p8vzp/v1,FUSION,UBERON:0000074,33898,28517,0,UBERON:0000074,25193.03125,77.75,FALSE
110,91706.segmentations.ome.tiff,glomeruli,UBERON:0000074,dx.doi.org/10.17504/protocols.io.dm6gp35p8vzp/v1,FUSION,UBERON:0000074,15007,27767,0,UBERON:0000074,16213.25,60.93285239,FALSE
109,91706.segmentations.ome.tiff,glomeruli,UBERON:0000074,dx.doi.org/10.17504/protocols.io.dm6gp35p8vzp/v1,FUSION,UBERON:0000074,31583,27585,0,UBERON:0000074,9750.5,49,FALSE
108,91706.segmentations.ome.tiff,glomeruli,UBERON:0000074,dx.doi.org/10.17504/protocols.io.dm6gp35p8vzp/v1,FUSION,UBERON:0000074,26801,27625,0,UBERON:0000074,13536.71875,60.1503325,FALSE
107,91706.segmentations.ome.tiff,glomeruli,UBERON:0000074,dx.doi.org/10.17504/protocols.io.dm6gp35p8vzp/v1,FUSION,UBERON:0000074,25674,27475,0,UBERON:0000074,11714.9375,55.94472719,FALSE
106,91706.segmentations.ome.tiff,glomeruli,UBERON:0000074,dx.doi.org/10.17504/protocols.io.dm6gp35p8vzp/v1,FUSION,UBERON:0000074,28765,27457,0,UBERON:0000074,11394.53125,51.60244665,FALSE
105,91706.segmentations.ome.tiff,glomeruli,UBERON:0000074,dx.doi.org/10.17504/protocols.io.dm6gp35p8vzp/v1,FUSION,UBERON:0000074,16097,27502,0,UBERON:0000074,14198.90625,62.65879826,FALSE
104,91706.segmentations.ome.tiff,glomeruli,UBERON:0000074,dx.doi.org/10.17504/protocols.io.dm6gp35p8vzp/v1,FUSION,UBERON:0000074,14239,27218,0,UBERON:0000074,9938.1875,51.70348151,FALSE
103,91706.segmentations.ome.tiff,glomeruli,UBERON:0000074,dx.doi.org/10.17504/protocols.io.dm6gp35p8vzp/v1,FUSION,UBERON:0000074,31028,27251,0,UBERON:0000074,19181.90625,73.16163612,FALSE
102,91706.segmentations.ome.tiff,glomeruli,UBERON:0000074,dx.doi.org/10.17504/protocols.io.dm6gp35p8vzp/v1,FUSION,UBERON:0000074,24610,27056,0,UBERON:0000074,15350.28125,62.06548961,FALSE
101,91706.segmentations.ome.tiff,glomeruli,UBERON:0000074,dx.doi.org/10.17504/protocols.io.dm6gp35p8vzp/v1,FUSION,UBERON:0000074,21856,26418,0,UBERON:0000074,12950.25,57.98383395,FALSE
100,91706.segmentations.ome.tiff,glomeruli,UBERON:0000074,dx.doi.org/10.17504/protocols.io.dm6gp35p8vzp/v1,FUSION,UBERON:0000074,26224,26436,0,UBERON:0000074,20005.09375,77.00973964,FALSE
99,91706.segmentations.ome.tiff,glomeruli,UBERON:0000074,dx.doi.org/10.17504/protocols.io.dm6gp35p8vzp/v1,FUSION,UBERON:0000074,29611,26414,0,UBERON:0000074,23285.3125,75.18518804,FALSE
98,91706.segmentations.ome.tiff,glomeruli,UBERON:0000074,dx.doi.org/10.17504/protocols.io.dm6gp35p8vzp/v1,FUSION,UBERON:0000074,18912,25896,0,UBERON:0000074,12300.4375,56.7522026,FALSE
97,91706.segmentations.ome.tiff,glomeruli,UBERON:0000074,dx.doi.org/10.17504/protocols.io.dm6gp35p8vzp/v1,FUSION,UBERON:0000074,33761,25032,0,UBERON:0000074,20496.46875,75.88189837,FALSE
96,91706.segmentations.ome.tiff,glomeruli,UBERON:0000074,dx.doi.org/10.17504/protocols.io.dm6gp35p8vzp/v1,FUSION,UBERON:0000074,46326,24498,0,UBERON:0000074,13314.71875,59.36802591,FALSE
95,91706.segmentations.ome.tiff,glomeruli,UBERON:0000074,dx.doi.org/10.17504/protocols.io.dm6gp35p8vzp/v1,FUSION,UBERON:0000074,31387,23813,0,UBERON:0000074,21244.84375,73.25042662,FALSE
94,91706.segmentations.ome.tiff,glomeruli,UBERON:0000074,dx.doi.org/10.17504/protocols.io.dm6gp35p8vzp/v1,FUSION,UBERON:0000074,27600,23810,0,UBERON:0000074,23786.8125,74.93705692,FALSE
93,91706.segmentations.ome.tiff,glomeruli,UBERON:0000074,dx.doi.org/10.17504/protocols.io.dm6gp35p8vzp/v1,FUSION,UBERON:0000074,25033,23127,0,UBERON:0000074,13470.65625,56.10035651,FALSE
92,91706.segmentations.ome.tiff,glomeruli,UBERON:0000074,dx.doi.org/10.17504/protocols.io.dm6gp35p8vzp/v1,FUSION,UBERON:0000074,21181,22969,0,UBERON:0000074,9489.34375,44.96734927,FALSE
91,91706.segmentations.ome.tiff,glomeruli,UBERON:0000074,dx.doi.org/10.17504/protocols.io.dm6gp35p8vzp/v1,FUSION,UBERON:0000074,45234,22865,0,UBERON:0000074,10143.1875,51.03920062,FALSE
90,91706.segmentations.ome.tiff,glomeruli,UBERON:0000074,dx.doi.org/10.17504/protocols.io.dm6gp35p8vzp/v1,FUSION,UBERON:0000074,22726,22922,0,UBERON:0000074,18353.71875,72.25173008,FALSE
89,91706.segmentations.ome.tiff,glomeruli,UBERON:0000074,dx.doi.org/10.17504/protocols.io.dm6gp35p8vzp/v1,FUSION,UBERON:0000074,44645,22759,0,UBERON:0000074,6256.40625,41.55192535,FALSE
88,91706.segmentations.ome.tiff,glomeruli,UBERON:0000074,dx.doi.org/10.17504/protocols.io.dm6gp35p8vzp/v1,FUSION,UBERON:0000074,38884,22562,0,UBERON:0000074,13832.15625,58.89821729,FALSE
87,91706.segmentations.ome.tiff,glomeruli,UBERON:0000074,dx.doi.org/10.17504/protocols.io.dm6gp35p8vzp/v1,FUSION,UBERON:0000074,33562,22554,0,UBERON:0000074,19104.8125,71.41472187,FALSE
86,91706.segmentations.ome.tiff,glomeruli,UBERON:0000074,dx.doi.org/10.17504/protocols.io.dm6gp35p8vzp/v1,FUSION,UBERON:0000074,22273,22439,0,UBERON:0000074,18328.09375,71.5,FALSE
85,91706.segmentations.ome.tiff,glomeruli,UBERON:0000074,dx.doi.org/10.17504/protocols.io.dm6gp35p8vzp/v1,FUSION,UBERON:0000074,21122,22206,0,UBERON:0000074,20116.875,68.35934464,FALSE
84,91706.segmentations.ome.tiff,glomeruli,UBERON:0000074,dx.doi.org/10.17504/protocols.io.dm6gp35p8vzp/v1,FUSION,UBERON:0000074,49283,21930,0,UBERON:0000074,11699.625,53.16601358,FALSE
83,91706.segmentations.ome.tiff,glomeruli,UBERON:0000074,dx.doi.org/10.17504/protocols.io.dm6gp35p8vzp/v1,FUSION,UBERON:0000074,54972,21965,0,UBERON:0000074,23466.4375,70.33713457,FALSE
82,91706.segmentations.ome.tiff,glomeruli,UBERON:0000074,dx.doi.org/10.17504/protocols.io.dm6gp35p8vzp/v1,FUSION,UBERON:0000074,53057,21835,0,UBERON:0000074,10457.28125,47.29495216,FALSE
81,91706.segmentations.ome.tiff,glomeruli,UBERON:0000074,dx.doi.org/10.17504/protocols.io.dm6gp35p8vzp/v1,FUSION,UBERON:0000074,27669,21787,0,UBERON:0000074,12251.0625,58.75797818,FALSE
80,91706.segmentations.ome.tiff,glomeruli,UBERON:0000074,dx.doi.org/10.17504/protocols.io.dm6gp35p8vzp/v1,FUSION,UBERON:0000074,43963,21730,0,UBERON:0000074,17539.1875,66.15559311,FALSE
79,91706.segmentations.ome.tiff,glomeruli,UBERON:0000074,dx.doi.org/10.17504/protocols.io.dm6gp35p8vzp/v1,FUSION,UBERON:0000074,51805,21448,0,UBERON:0000074,13584.4375,56.13877893,FALSE
78,91706.segmentations.ome.tiff,glomeruli,UBERON:0000074,dx.doi.org/10.17504/protocols.io.dm6gp35p8vzp/v1,FUSION,UBERON:0000074,31943,21550,0,UBERON:0000074,23791.78125,76.55104506,FALSE
77,91706.segmentations.ome.tiff,glomeruli,UBERON:0000074,dx.doi.org/10.17504/protocols.io.dm6gp35p8vzp/v1,FUSION,UBERON:0000074,45430,21341,0,UBERON:0000074,11598.15625,54.81902042,FALSE
76,91706.segmentations.ome.tiff,glomeruli,UBERON:0000074,dx.doi.org/10.17504/protocols.io.dm6gp35p8vzp/v1,FUSION,UBERON:0000074,33973,21306,0,UBERON:0000074,16601.1875,62.5,FALSE
75,91706.segmentations.ome.tiff,glomeruli,UBERON:0000074,dx.doi.org/10.17504/protocols.io.dm6gp35p8vzp/v1,FUSION,UBERON:0000074,25716,21272,0,UBERON:0000074,20792.28125,70.76236641,FALSE
74,91706.segmentations.ome.tiff,glomeruli,UBERON:0000074,dx.doi.org/10.17504/protocols.io.dm6gp35p8vzp/v1,FUSION,UBERON:0000074,32482,20931,0,UBERON:0000074,6240.71875,37.56743936,FALSE
73,91706.segmentations.ome.tiff,glomeruli,UBERON:0000074,dx.doi.org/10.17504/protocols.io.dm6gp35p8vzp/v1,FUSION,UBERON:0000074,51362,20900,0,UBERON:0000074,17834.125,61,FALSE
72,91706.segmentations.ome.tiff,glomeruli,UBERON:0000074,dx.doi.org/10.17504/protocols.io.dm6gp35p8vzp/v1,FUSION,UBERON:0000074,30589,20856,0,UBERON:0000074,19254.375,65.00192305,FALSE
71,91706.segmentations.ome.tiff,glomeruli,UBERON:0000074,dx.doi.org/10.17504/protocols.io.dm6gp35p8vzp/v1,FUSION,UBERON:0000074,32601,20545,0,UBERON:0000074,4922.65625,34.59046111,FALSE
70,91706.segmentations.ome.tiff,glomeruli,UBERON:0000074,dx.doi.org/10.17504/protocols.io.dm6gp35p8vzp/v1,FUSION,UBERON:0000074,26654,20534,0,UBERON:0000074,17580.75,64.82669203,FALSE
69,91706.segmentations.ome.tiff,glomeruli,UBERON:0000074,dx.doi.org/10.17504/protocols.io.dm6gp35p8vzp/v1,FUSION,UBERON:0000074,50690,20293,0,UBERON:0000074,7999.6875,45.46702102,FALSE
67,91706.segmentations.ome.tiff,glomeruli,UBERON:0000074,dx.doi.org/10.17504/protocols.io.dm6gp35p8vzp/v1,FUSION,UBERON:0000074,53353,20124,0,UBERON:0000074,8989.125,46.93945568,FALSE
66,91706.segmentations.ome.tiff,glomeruli,UBERON:0000074,dx.doi.org/10.17504/protocols.io.dm6gp35p8vzp/v1,FUSION,UBERON:0000074,47524,20197,0,UBERON:0000074,15682.71875,59.39802185,FALSE
65,91706.segmentations.ome.tiff,glomeruli,UBERON:0000074,dx.doi.org/10.17504/protocols.io.dm6gp35p8vzp/v1,FUSION,UBERON:0000074,49751,20100,0,UBERON:0000074,12578.625,55.16905836,FALSE
64,91706.segmentations.ome.tiff,glomeruli,UBERON:0000074,dx.doi.org/10.17504/protocols.io.dm6gp35p8vzp/v1,FUSION,UBERON:0000074,48259,20091,0,UBERON:0000074,10439.65625,49.1432854,FALSE
63,91706.segmentations.ome.tiff,glomeruli,UBERON:0000074,dx.doi.org/10.17504/protocols.io.dm6gp35p8vzp/v1,FUSION,UBERON:0000074,52173,20260,0,UBERON:0000074,22565.4375,69.91155126,FALSE
62,91706.segmentations.ome.tiff,glomeruli,UBERON:0000074,dx.doi.org/10.17504/protocols.io.dm6gp35p8vzp/v1,FUSION,UBERON:0000074,46908,19785,0,UBERON:0000074,3316.15625,26.56360292,FALSE
61,91706.segmentations.ome.tiff,glomeruli,UBERON:0000074,dx.doi.org/10.17504/protocols.io.dm6gp35p8vzp/v1,FUSION,UBERON:0000074,31066,20003,0,UBERON:0000074,22309.5625,73.00171231,FALSE
60,91706.segmentations.ome.tiff,glomeruli,UBERON:0000074,dx.doi.org/10.17504/protocols.io.dm6gp35p8vzp/v1,FUSION,UBERON:0000074,24804,19762,0,UBERON:0000074,7324.9375,40.03826295,FALSE
59,91706.segmentations.ome.tiff,glomeruli,UBERON:0000074,dx.doi.org/10.17504/protocols.io.dm6gp35p8vzp/v1,FUSION,UBERON:0000074,42886,19666,0,UBERON:0000074,16474.25,67.28762888,FALSE
58,91706.segmentations.ome.tiff,glomeruli,UBERON:0000074,dx.doi.org/10.17504/protocols.io.dm6gp35p8vzp/v1,FUSION,UBERON:0000074,61295,19539,0,UBERON:0000074,24961.0625,78.02924131,FALSE
57,91706.segmentations.ome.tiff,glomeruli,UBERON:0000074,dx.doi.org/10.17504/protocols.io.dm6gp35p8vzp/v1,FUSION,UBERON:0000074,38974,19394,0,UBERON:0000074,17079.40625,64.94709385,FALSE
56,91706.segmentations.ome.tiff,glomeruli,UBERON:0000074,dx.doi.org/10.17504/protocols.io.dm6gp35p8vzp/v1,FUSION,UBERON:0000074,27327,19295,0,UBERON:0000074,12159.75,56.63976077,FALSE
55,91706.segmentations.ome.tiff,glomeruli,UBERON:0000074,dx.doi.org/10.17504/protocols.io.dm6gp35p8vzp/v1,FUSION,UBERON:0000074,32334,19301,0,UBERON:0000074,19485.9375,68.7613627,FALSE
54,91706.segmentations.ome.tiff,glomeruli,UBERON:0000074,dx.doi.org/10.17504/protocols.io.dm6gp35p8vzp/v1,FUSION,UBERON:0000074,51069,19135,0,UBERON:0000074,12086.1875,55.2957955,FALSE
53,91706.segmentations.ome.tiff,glomeruli,UBERON:0000074,dx.doi.org/10.17504/protocols.io.dm6gp35p8vzp/v1,FUSION,UBERON:0000074,48874,18932,0,UBERON:0000074,14094.34375,56.09422876,FALSE
52,91706.segmentations.ome.tiff,glomeruli,UBERON:0000074,dx.doi.org/10.17504/protocols.io.dm6gp35p8vzp/v1,FUSION,UBERON:0000074,25692,18744,0,UBERON:0000074,17701.1875,68.32505031,FALSE
51,91706.segmentations.ome.tiff,glomeruli,UBERON:0000074,dx.doi.org/10.17504/protocols.io.dm6gp35p8vzp/v1,FUSION,UBERON:0000074,48416,18730,0,UBERON:0000074,15430.5,61.81423784,FALSE
50,91706.segmentations.ome.tiff,glomeruli,UBERON:0000074,dx.doi.org/10.17504/protocols.io.dm6gp35p8vzp/v1,FUSION,UBERON:0000074,44515,18650,0,UBERON:0000074,13310.53125,59.70971445,FALSE
49,91706.segmentations.ome.tiff,glomeruli,UBERON:0000074,dx.doi.org/10.17504/protocols.io.dm6gp35p8vzp/v1,FUSION,UBERON:0000074,30574,18587,0,UBERON:0000074,15942.21875,64,FALSE
48,91706.segmentations.ome.tiff,glomeruli,UBERON:0000074,dx.doi.org/10.17504/protocols.io.dm6gp35p8vzp/v1,FUSION,UBERON:0000074,49897,18582,0,UBERON:0000074,20026.03125,65.07735781,FALSE
47,91706.segmentations.ome.tiff,glomeruli,UBERON:0000074,dx.doi.org/10.17504/protocols.io.dm6gp35p8vzp/v1,FUSION,UBERON:0000074,32819,18470,0,UBERON:0000074,13388.90625,49.98062124,FALSE
46,91706.segmentations.ome.tiff,glomeruli,UBERON:0000074,dx.doi.org/10.17504/protocols.io.dm6gp35p8vzp/v1,FUSION,UBERON:0000074,57053,18516,0,UBERON:0000074,23923.75,78.50676722,FALSE
45,91706.segmentations.ome.tiff,glomeruli,UBERON:0000074,dx.doi.org/10.17504/protocols.io.dm6gp35p8vzp/v1,FUSION,UBERON:0000074,25617,17812,0,UBERON:0000074,5808.75,37.95474279,FALSE
44,91706.segmentations.ome.tiff,glomeruli,UBERON:0000074,dx.doi.org/10.17504/protocols.io.dm6gp35p8vzp/v1,FUSION,UBERON:0000074,35952,17820,0,UBERON:0000074,6394.03125,37.78971421,FALSE
43,91706.segmentations.ome.tiff,glomeruli,UBERON:0000074,dx.doi.org/10.17504/protocols.io.dm6gp35p8vzp/v1,FUSION,UBERON:0000074,45499,17775,0,UBERON:0000074,9043.96875,45.20024889,FALSE
42,91706.segmentations.ome.tiff,glomeruli,UBERON:0000074,dx.doi.org/10.17504/protocols.io.dm6gp35p8vzp/v1,FUSION,UBERON:0000074,63744,17832,0,UBERON:0000074,24275.40625,74.79680809,FALSE
41,91706.segmentations.ome.tiff,glomeruli,UBERON:0000074,dx.doi.org/10.17504/protocols.io.dm6gp35p8vzp/v1,FUSION,UBERON:0000074,29115,17353,0,UBERON:0000074,10362.5,52.33366507,FALSE
40,91706.segmentations.ome.tiff,glomeruli,UBERON:0000074,dx.doi.org/10.17504/protocols.io.dm6gp35p8vzp/v1,FUSION,UBERON:0000074,35477,17281,0,UBERON:0000074,8879.875,45.40099118,FALSE
39,91706.segmentations.ome.tiff,glomeruli,UBERON:0000074,dx.doi.org/10.17504/protocols.io.dm6gp35p8vzp/v1,FUSION,UBERON:0000074,64315,17186,0,UBERON:0000074,5688.15625,32.95546237,FALSE
38,91706.segmentations.ome.tiff,glomeruli,UBERON:0000074,dx.doi.org/10.17504/protocols.io.dm6gp35p8vzp/v1,FUSION,UBERON:0000074,42941,17043,0,UBERON:0000074,13969.28125,56.5,FALSE
37,91706.segmentations.ome.tiff,glomeruli,UBERON:0000074,dx.doi.org/10.17504/protocols.io.dm6gp35p8vzp/v1,FUSION,UBERON:0000074,60725,17210,0,UBERON:0000074,18085.5,52.65216045,FALSE
36,91706.segmentations.ome.tiff,glomeruli,UBERON:0000074,dx.doi.org/10.17504/protocols.io.dm6gp35p8vzp/v1,FUSION,UBERON:0000074,34150,16967,0,UBERON:0000074,10362.71875,53.69182899,FALSE
35,91706.segmentations.ome.tiff,glomeruli,UBERON:0000074,dx.doi.org/10.17504/protocols.io.dm6gp35p8vzp/v1,FUSION,UBERON:0000074,27668,17058,0,UBERON:0000074,19333.78125,67.86199231,FALSE
34,91706.segmentations.ome.tiff,glomeruli,UBERON:0000074,dx.doi.org/10.17504/protocols.io.dm6gp35p8vzp/v1,FUSION,UBERON:0000074,30474,17054,0,UBERON:0000074,15627.53125,57.74567083,FALSE
33,91706.segmentations.ome.tiff,glomeruli,UBERON:0000074,dx.doi.org/10.17504/protocols.io.dm6gp35p8vzp/v1,FUSION,UBERON:0000074,47666,16652,0,UBERON:0000074,4739.78125,32.984845,FALSE
32,91706.segmentations.ome.tiff,glomeruli,UBERON:0000074,dx.doi.org/10.17504/protocols.io.dm6gp35p8vzp/v1,FUSION,UBERON:0000074,31466,16719,0,UBERON:0000074,18926.78125,61.24234646,FALSE
30,91706.segmentations.ome.tiff,glomeruli,UBERON:0000074,dx.doi.org/10.17504/protocols.io.dm6gp35p8vzp/v1,FUSION,UBERON:0000074,29308,16601,0,UBERON:0000074,17071.71875,64.97162842,FALSE
29,91706.segmentations.ome.tiff,glomeruli,UBERON:0000074,dx.doi.org/10.17504/protocols.io.dm6gp35p8vzp/v1,FUSION,UBERON:0000074,36097,16518,0,UBERON:0000074,14677.8125,62.07354509,FALSE
28,91706.segmentations.ome.tiff,glomeruli,UBERON:0000074,dx.doi.org/10.17504/protocols.io.dm6gp35p8vzp/v1,FUSION,UBERON:0000074,60089,16478,0,UBERON:0000074,15304.59375,50.32705535,FALSE
27,91706.segmentations.ome.tiff,glomeruli,UBERON:0000074,dx.doi.org/10.17504/protocols.io.dm6gp35p8vzp/v1,FUSION,UBERON:0000074,65791,16315,0,UBERON:0000074,12122.65625,52.87307916,FALSE
26,91706.segmentations.ome.tiff,glomeruli,UBERON:0000074,dx.doi.org/10.17504/protocols.io.dm6gp35p8vzp/v1,FUSION,UBERON:0000074,67219,16231,0,UBERON:0000074,11287.21875,56.15881498,FALSE
25,91706.segmentations.ome.tiff,glomeruli,UBERON:0000074,dx.doi.org/10.17504/protocols.io.dm6gp35p8vzp/v1,FUSION,UBERON:0000074,34563,16183,0,UBERON:0000074,18105.25,65.38826347,FALSE
24,91706.segmentations.ome.tiff,glomeruli,UBERON:0000074,dx.doi.org/10.17504/protocols.io.dm6gp35p8vzp/v1,FUSION,UBERON:0000074,60317,16100,0,UBERON:0000074,7110.375,30.56550343,FALSE
23,91706.segmentations.ome.tiff,glomeruli,UBERON:0000074,dx.doi.org/10.17504/protocols.io.dm6gp35p8vzp/v1,FUSION,UBERON:0000074,46873,15967,0,UBERON:0000074,20274.40625,58.48290348,FALSE
22,91706.segmentations.ome.tiff,glomeruli,UBERON:0000074,dx.doi.org/10.17504/protocols.io.dm6gp35p8vzp/v1,FUSION,UBERON:0000074,33062,16015,0,UBERON:0000074,17986.0625,67.21699934,FALSE
21,91706.segmentations.ome.tiff,glomeruli,UBERON:0000074,dx.doi.org/10.17504/protocols.io.dm6gp35p8vzp/v1,FUSION,UBERON:0000074,64431,16062,0,UBERON:0000074,21689.25,71.10731327,FALSE
20,91706.segmentations.ome.tiff,glomeruli,UBERON:0000074,dx.doi.org/10.17504/protocols.io.dm6gp35p8vzp/v1,FUSION,UBERON:0000074,30098,16050,0,UBERON:0000074,19897.1875,69.5,FALSE
19,91706.segmentations.ome.tiff,glomeruli,UBERON:0000074,dx.doi.org/10.17504/protocols.io.dm6gp35p8vzp/v1,FUSION,UBERON:0000074,66055,15733,0,UBERON:0000074,15630.625,57.71319173,FALSE
18,91706.segmentations.ome.tiff,glomeruli,UBERON:0000074,dx.doi.org/10.17504/protocols.io.dm6gp35p8vzp/v1,FUSION,UBERON:0000074,41575,15530,0,UBERON:0000074,13498.34375,60.55008258,FALSE
17,91706.segmentations.ome.tiff,glomeruli,UBERON:0000074,dx.doi.org/10.17504/protocols.io.dm6gp35p8vzp/v1,FUSION,UBERON:0000074,31906,15462,0,UBERON:0000074,13507.03125,55.00738587,FALSE
16,91706.segmentations.ome.tiff,glomeruli,UBERON:0000074,dx.doi.org/10.17504/protocols.io.dm6gp35p8vzp/v1,FUSION,UBERON:0000074,42878,15302,0,UBERON:0000074,18099.03125,61.48424595,FALSE
15,91706.segmentations.ome.tiff,glomeruli,UBERON:0000074,dx.doi.org/10.17504/protocols.io.dm6gp35p8vzp/v1,FUSION,UBERON:0000074,66764,15274,0,UBERON:0000074,17270.15625,64.10635694,FALSE
14,91706.segmentations.ome.tiff,glomeruli,UBERON:0000074,dx.doi.org/10.17504/protocols.io.dm6gp35p8vzp/v1,FUSION,UBERON:0000074,28414,15197,0,UBERON:0000074,17296.40625,66.81551092,FALSE
13,91706.segmentations.ome.tiff,glomeruli,UBERON:0000074,dx.doi.org/10.17504/protocols.io.dm6gp35p8vzp/v1,FUSION,UBERON:0000074,42305,14904,0,UBERON:0000074,3221.5625,26.91189328,FALSE
12,91706.segmentations.ome.tiff,glomeruli,UBERON:0000074,dx.doi.org/10.17504/protocols.io.dm6gp35p8vzp/v1,FUSION,UBERON:0000074,46039,14966,0,UBERON:0000074,24903.59375,81.10024661,FALSE
11,91706.segmentations.ome.tiff,glomeruli,UBERON:0000074,dx.doi.org/10.17504/protocols.io.dm6gp35p8vzp/v1,FUSION,UBERON:0000074,47287,14746,0,UBERON:0000074,3995.625,30.20761493,FALSE
10,91706.segmentations.ome.tiff,glomeruli,UBERON:0000074,dx.doi.org/10.17504/protocols.io.dm6gp35p8vzp/v1,FUSION,UBERON:0000074,42266,14260,0,UBERON:0000074,10962.46875,48.81406047,FALSE
9,91706.segmentations.ome.tiff,glomeruli,UBERON:0000074,dx.doi.org/10.17504/protocols.io.dm6gp35p8vzp/v1,FUSION,UBERON:0000074,30111,14310,0,UBERON:0000074,21278.03125,70.60143412,FALSE
8,91706.segmentations.ome.tiff,glomeruli,UBERON:0000074,dx.doi.org/10.17504/protocols.io.dm6gp35p8vzp/v1,FUSION,UBERON:0000074,41317,14043,0,UBERON:0000074,14356.90625,61.2913126,FALSE
7,91706.segmentations.ome.tiff,glomeruli,UBERON:0000074,dx.doi.org/10.17504/protocols.io.dm6gp35p8vzp/v1,FUSION,UBERON:0000074,39810,13820,0,UBERON:0000074,10199.78125,50.0505994,FALSE
6,91706.segmentations.ome.tiff,glomeruli,UBERON:0000074,dx.doi.org/10.17504/protocols.io.dm6gp35p8vzp/v1,FUSION,UBERON:0000074,34882,13620,0,UBERON:0000074,4220.75,30.78656363,FALSE
5,91706.segmentations.ome.tiff,glomeruli,UBERON:0000074,dx.doi.org/10.17504/protocols.io.dm6gp35p8vzp/v1,FUSION,UBERON:0000074,38112,13497,0,UBERON:0000074,17655.40625,62.31823569,FALSE
4,91706.segmentations.ome.tiff,glomeruli,UBERON:0000074,dx.doi.org/10.17504/protocols.io.dm6gp35p8vzp/v1,FUSION,UBERON:0000074,32691,13264,0,UBERON:0000074,13830.15625,59.04447476,FALSE
3,91706.segmentations.ome.tiff,glomeruli,UBERON:0000074,dx.doi.org/10.17504/protocols.io.dm6gp35p8vzp/v1,FUSION,UBERON:0000074,42190,13240,0,UBERON:0000074,24058.03125,69.42712006,FALSE
2,91706.segmentations.ome.tiff,glomeruli,UBERON:0000074,dx.doi.org/10.17504/protocols.io.dm6gp35p8vzp/v1,FUSION,UBERON:0000074,35999,10939,0,UBERON:0000074,22592.71875,70.58726868,FALSE
1,91706.segmentations.ome.tiff,glomeruli,UBERON:0000074,dx.doi.org/10.17504/protocols.io.dm6gp35p8vzp/v1,FUSION,UBERON:0000074,60948,10412,0,UBERON:0000074,5568.5,27.66315239,FALSE
362,91706.segmentations.ome.tiff,glomeruli,UBERON:0000074,dx.doi.org/10.17504/protocols.io.dm6gp35p8vzp/v1,FUSION,UBERON:0000074,29597,55544,0,UBERON:0000074,3907.625,29.29270387,TRUE
358,91706.segmentations.ome.tiff,glomeruli,UBERON:0000074,dx.doi.org/10.17504/protocols.io.dm6gp35p8vzp/v1,FUSION,UBERON:0000074,62651,15345,0,UBERON:0000074,12430.90625,51.17677696,TRUE
